{
   "tiles":[
           {
               "sampleData": {
                   "title": "jivecon-updatedcontent list",
                   "contents": [
                       {
                           "text": "Initial text to be replaced"
                       }
                   ],
                   "config": {
                       "listStyle": "contentList"
                   },
                   "action": {
                       "text": "Action Link",
                       "context": {
                           "test": "data"
                       }
                   }
               },
               "displayName": "jivecon-updatedcontent",
               "name": "jivecon-updatedcontent",
               "description": "jivecon-updatedcontent for 1q73ce8ia5e4ggkyoz2pdziul75uj4wf.i",
               "style": "LIST",
               "icons": {
                   "16": "http://i.cdn.turner.com/cnn/.e/img/3.0/global/header/hdr-main.gif",
                   "48": "http://i.cdn.turner.com/cnn/.e/img/3.0/global/header/hdr-main.gif",
                   "128": "http://i.cdn.turner.com/cnn/.e/img/3.0/global/header/hdr-main.gif"
               },
               "id": "f2428407-94c1-4238-9315-1e94256f9c1f",
               "published": "2013-02-28T15:12:16.768-0800",
               "updated": "2013-02-28T15:12:16.768-0800",
               "config": "http://localhost:8090/jivecon-updatedcontent/configure",
               "register": "http://localhost:8090/registration",
               "client_id": "1q73ce8ia5e4ggkyoz2pdziul75uj4wf.i"
           },
           {
               "sampleData": {},
               "displayName": "jivecon-as",
               "name": "jivecon-as",
               "description": "jivecon-as for 1q73ce8ia5e4ggkyoz2pdziul75uj4wf.i",
               "style": "ACTIVITY",
               "icons": {
                   "16": "http://i.cdn.turner.com/cnn/.e/img/3.0/global/header/hdr-main.gif",
                   "48": "http://i.cdn.turner.com/cnn/.e/img/3.0/global/header/hdr-main.gif",
                   "128": "http://i.cdn.turner.com/cnn/.e/img/3.0/global/header/hdr-main.gif"
               },
               "id": "e4d80b31-c6cc-431d-b570-f1b8008be1ed",
               "published": "2013-02-28T15:12:16.768-0800",
               "updated": "2013-02-28T15:12:16.768-0800",
               "config": "http://localhost:8090/jivecon-as/configure",
               "register": "http://localhost:8090/registration",
               "client_id": "1q73ce8ia5e4ggkyoz2pdziul75uj4wf.i"
           }
   ],
    "integrationUser": {
        "systemAdmin": true,
        "runAsStrategy": "email",
        "jiveServiceSignature": "302d0215008509979853bece0b649905f97c37687c1d9fcefe02141754b1d500ce72f993552df81ecdc519ffd0e79d"
    }
}
